{"name":"치킨주문2","created":"2017-07-26T00:23:32.777Z","intents":[],"updated":"2017-07-26T00:49:17.325Z","entities":[{"entity":"sys-time","values":[],"created":"2017-07-26T00:30:50.913Z","updated":"2017-07-26T00:30:50.913Z","metadata":null,"description":null},{"entity":"메인메뉴","values":[{"value":"엔원 허니콤보","created":"2017-07-26T00:46:02.905Z","updated":"2017-07-26T00:46:10.880Z","metadata":null,"synonyms":["허니","허니콤보"]},{"value":"엔원 레드콤보","created":"2017-07-26T00:45:49.546Z","updated":"2017-07-26T00:45:57.109Z","metadata":null,"synonyms":["레드","레드콤보"]},{"value":"엔원 오리지널","created":"2017-07-26T00:45:15.270Z","updated":"2017-07-26T00:45:43.423Z","metadata":null,"synonyms":["오리","오리지널"]}],"created":"2017-07-26T00:45:09.149Z","updated":"2017-07-26T00:46:10.880Z","metadata":null,"description":null}],"language":"ko","metadata":null,"description":"","dialog_nodes":[{"title":null,"output":{},"parent":null,"context":null,"created":"2017-07-26T00:36:56.944Z","updated":"2017-07-26T00:38:15.104Z","metadata":null,"next_step":null,"conditions":null,"description":null,"dialog_node":"메인메뉴 설명","previous_sibling":"치킨주문 초기화"},{"title":null,"output":{},"parent":"메인메뉴 설명","context":{"mainmenu":"@메인메뉴"},"created":"2017-07-26T00:41:28.928Z","updated":"2017-07-26T00:49:17.325Z","metadata":null,"next_step":null,"conditions":"@메인메뉴","description":null,"dialog_node":"메뉴메뉴 선택확인","previous_sibling":null},{"title":null,"output":{"text":{"values":["안녕하세요. 한마리 더 주는 엔원치킨입니다."],"selection_policy":"sequential"}},"parent":null,"context":{"mainmenu":"","sidemenu":""},"created":"2017-07-26T00:27:15.475Z","updated":"2017-07-26T00:40:24.850Z","metadata":null,"next_step":{"behavior":"jump_to","selector":"body","dialog_node":"메인메뉴 설명"},"conditions":"conversation_start","description":null,"dialog_node":"치킨주문 초기화","previous_sibling":null},{"title":null,"output":{"text":{"values":["알아듣기 쉽게 다시 말씀해주시면 좋겠어요.","다시 말씀해주시겠어요? 이해가 잘 안 되네요.","무슨 뜻인지 모르겠어요."],"selection_policy":"sequential"}},"parent":null,"context":null,"created":"2017-07-26T00:27:15.475Z","updated":"2017-07-26T00:27:15.475Z","metadata":null,"next_step":null,"conditions":"anything_else","description":null,"dialog_node":"기타","previous_sibling":"메인메뉴 설명"},{"type":"response_condition","title":null,"output":{"text":{"values":["저희 메뉴는 엔원오리지널, 엔원허니콤보, 엔원레드콤보가 있습니다."],"selection_policy":"sequential"}},"parent":"메인메뉴 설명","context":null,"created":"2017-07-26T00:38:14.048Z","updated":"2017-07-26T00:39:03.383Z","metadata":null,"next_step":null,"conditions":"","description":null,"dialog_node":"node_2_1501029494498","previous_sibling":"메뉴메뉴 선택확인"}],"workspace_id":"8df28dd7-a731-44ed-abe4-6e30ff4789f5","counterexamples":[],"learning_opt_out":null}